{
  "best_model": "LinearSVC",
  "accuracy": 0.9637777777777777,
  "macro_f1": 0.9575855010585989,
  "weighted_f1": 0.9636385722627031
}